{
  "cloudant_apikey": "jQylpPePOm1D5353Y0loGYJLa72cm4pyWAy28uYO-Rkm",
  "cloudant_host": "45794604-7499-45fc-b3da-afc0aee0dbd1-bluemix.cloudantnosqldb.appdomain.cloud",
  "cloudant_iam_apikey_description": "Auto-generated for key dfac8603-3dbc-4f23-b293-a608b4608155",
  "cloudant_iam_apikey_name": "230afcb3-53f1-4514-a423-9fed1e21ed24",
  "cloudant_iam_role_crn": "crn:v1:bluemix:public:iam::::serviceRole:Writer",
  "cloudant_iam_serviceid_crn": "crn:v1:bluemix:public:iam-identity::a/86e7df216fe24ebcb79a78e6d79e60ea::serviceid:ServiceId-cbc7c865-37ea-428e-8c0f-07e17b2ed795",
  "cloudant_password": "f8aded1183a7639cf4bf6abec23dfae29c591f45bf71d8c6156b082863ca1242",
  "cloudant_port": 443,
  "cloudant_url": "https://45794604-7499-45fc-b3da-afc0aee0dbd1-bluemix:f8aded1183a7639cf4bf6abec23dfae29c591f45bf71d8c6156b082863ca1242@45794604-7499-45fc-b3da-afc0aee0dbd1-bluemix.cloudantnosqldb.appdomain.cloud",
  "cloudant_username": "45794604-7499-45fc-b3da-afc0aee0dbd1-bluemix"
}
